IP_Address,Username,RDP_File_Name
192.168.10.15,user-1,RDP1
192.168.10.16,user-2,RDP2
192.168.10.17,user-3,RDP3
192.168.10.18,user-4,RDP4
192.168.10.19,user-5,RDP5
192.168.10.20,user-6,RDP6
192.168.10.21,user-7,RDP7
192.168.10.22,user-8,RDP8
192.168.10.23,user-9,RDP9
192.168.10.24,user-10,RDP10
192.168.10.25,user-11,RDP11
192.168.10.26,user-12,RDP12
192.168.10.27,user-13,RDP13
192.168.10.28,user-14,RDP14
192.168.10.29,user-15,RDP15
192.168.10.30,user-16,RDP16
192.168.10.31,user-17,RDP17
192.168.10.32,user-18,RDP18
192.168.10.33,user-19,RDP19
192.168.10.34,user-20,RDP20
192.168.10.35,user-21,RDP21